{"cameraMode":{"drawMode":0,"name":"Shaded","section":"Shading Mode"},"sceneLighting":false,"audioPlay":false,"sceneViewState":{"m_AlwaysRefresh":false,"showFog":true,"showSkybox":true,"showFlares":true,"showImageEffects":true,"showParticleSystems":true,"showVisualEffectGraphs":true,"m_FxEnabled":true},"in2DMode":false,"pivot":{"x":-15.974231719970704,"y":1.9186367988586426,"z":77.82709503173828},"rotation":{"x":-0.0583011731505394,"y":-0.3296438455581665,"z":0.020410925149917604,"w":-0.9421047568321228},"size":1.7865298986434937,"orthographic":false}