{"cameraMode":{"drawMode":0,"name":"Shaded","section":"Shading Mode"},"sceneLighting":false,"audioPlay":false,"sceneViewState":{"m_AlwaysRefresh":false,"showFog":true,"showSkybox":true,"showFlares":true,"showImageEffects":true,"showParticleSystems":true,"showVisualEffectGraphs":true,"m_FxEnabled":true},"in2DMode":false,"pivot":{"x":6.795945644378662,"y":-3.8416481018066408,"z":-25.06974983215332},"rotation":{"x":0.0019221182446926833,"y":0.9840040802955627,"z":-0.1778489053249359,"w":0.010627235285937786},"size":27.38393211364746,"orthographic":false}